,Mean,95CI
1,29.702222222222222,0.5002647105742444
5,42.20666666666666,0.5378184666576348
20,53.62222222222223,0.5757074343268455
50,60.53333333333333,0.5663592431559389
