,Mean,95CI
1,22.586666666666666,0.40920324876729236
5,25.968888888888888,0.41418435423350286
20,29.7,0.44003261993831977
50,32.297777777777775,0.4232697654470469
