,Mean,95CI
1,64.73555555555556,0.8159303791766226
5,84.48444444444443,0.5356447984657899
20,90.89777777777778,0.3476976006591835
50,93.13555555555556,0.3200309859274063
