,Mean,95CI
1,74.38444444444444,0.8023765559015146
5,92.47333333333333,0.43503282971611545
20,96.88,0.2553994166968559
50,98.18222222222221,0.17517182130328313
